id,name,email,email_verified_at,password,remember_token,created_at,updated_at
1,User1,user1@gmail.com,,password,,,
2,User2,user2@gmail.com,,password,,,
3,User3,user3@gmail.com,,password,,,
4,User4,user1@gmail.com,,password,,,
5,User5,user2@gmail.com,,password,,,
6,User6,user3@gmail.com,,password,,,
7,User7,user1@gmail.com,,password,,,
8,User8,user2@gmail.com,,password,,,
9,User9,user3@gmail.com,,password,,,
10,User10,user1@gmail.com,,password,,,
11,User11,user2@gmail.com,,password,,,
12,User12,user3@gmail.com,,password,,,
13,User13,user1@gmail.com,,password,,,
14,User14,user2@gmail.com,,password,,,
15,User15,user3@gmail.com,,password,,,
16,User16,user1@gmail.com,,password,,,
17,User17,user2@gmail.com,,password,,,
18,User18,user3@gmail.com,,password,,,
19,User19,user1@gmail.com,,password,,,
20,User20,user2@gmail.com,,password,,,
21,User21,user3@gmail.com,,password,,,
22,User22,user1@gmail.com,,password,,,
23,User23,user2@gmail.com,,password,,,
24,User24,user3@gmail.com,,password,,,
25,User25,user1@gmail.com,,password,,,
26,User26,user2@gmail.com,,password,,,
